original_row_id,actual_charges,Ridge (L2),Lasso (L1),Ridge + engineered features,MLP seed 42,MLP seed 43,MLP seed 44,MLP seed 45,MLP seed 46
900,8688.85885,8146.400918464853,8070.768973138803,10101.943372519614,10093.467084315984,9112.209657478716,9638.628664751477,8145.415761603279,9942.189138178775
1064,5708.867,5740.199337278395,5773.525400994067,7376.537734110817,9199.361501475883,6745.211441866186,9510.729215356077,7369.057063252131,9885.599280985676
1256,11436.73815,14370.385831727379,14346.685967183803,13115.719524500095,13583.634126900813,14422.668766192077,15816.23925809087,18441.857876136823,17005.231869619456
298,38746.3551,31734.605244393082,31718.91375322603,36525.18493257163,37742.01801335378,32450.708990762338,36913.10179559506,40332.60828183071,38860.490408979975
237,4463.2051,8966.528007008776,9025.29325730509,6326.232473169735,5447.430926636255,5703.538411334186,5531.241136835263,8019.409924109341,5740.94421544726
481,9304.7019,13153.340300890222,13206.940479040071,11021.182625097214,10090.158531230554,10456.210311524737,12233.55224170607,12279.89789267523,9669.169951015554
240,38511.6283,30434.61531078804,30171.557055687113,38227.56987269431,44349.94120925485,41023.47168173444,40935.395758373365,42355.93653994091,45459.13592745506
277,2150.469,1456.421647051995,1533.37985957429,3129.0978490326834,2789.203806998781,3421.7858644874195,3299.600128887956,1321.0339035624293,3803.493972404536
415,7345.7266,10635.927934733154,10655.068092373136,9652.821825629915,7410.189212594753,7598.024033213021,8605.416718597184,9157.491768958658,8015.727069294898
707,10264.4421,11321.656558431225,11387.93646158227,12022.37913090192,10620.057154293256,11118.166952284784,10453.68587279564,10434.243574555932,12016.46639201841
370,13415.0381,10379.569399447542,10445.108260314097,13001.29386238745,13649.228225927734,14181.165237899395,14225.792652954213,15439.071940652797,14932.51024784088
331,24393.6224,33107.17245785627,33138.076838405235,29750.54800760905,28370.088319173563,29465.189772489262,26568.499775347642,26045.872519879304,27906.322104496016
1249,37607.5277,31065.95671789947,30874.992929620606,35067.94086184235,39122.229276573606,37660.97593281584,38808.40500460661,39411.82542747378,37303.86864924879
895,13063.883,17412.250515253603,17381.09720328926,12509.05259657814,12237.806613620987,12684.774927800341,14637.613596372918,11888.900119232492,12934.677833050922
637,24915.04626,10802.795382986358,10592.785560628634,8819.556556854082,6985.58295703461,7450.265777539417,8507.017224899679,9719.911795517826,7744.367144113596
497,8027.968,9532.056619883699,9614.95561164691,10005.759855407992,9849.572826901976,8519.172319531925,8531.048465840475,11097.880593798387,9898.050462945452
210,1980.07,4164.612984688156,4249.444027423948,3143.7204509436924,2934.518438021414,3255.4653309316345,4103.797742132019,2164.3484437181105,3389.8016239857025
49,38709.176,31721.919766337942,31735.511842075994,37492.32199631699,39299.212403632264,39008.19701349098,39308.85701478453,40600.23200946617,39301.35661744249
737,3484.331,3223.5574398275967,3338.5035346687546,4606.600677963503,5787.0509460618,4349.259282589343,3994.2683340577205,3916.0766182074312,4826.789618112307
76,3947.4131,5233.762848559712,5287.128829308064,6093.492743697766,5298.2173478740415,4322.829616928941,5939.024327198046,4826.546300703456,6421.746120192913
614,1880.07,3553.589556230945,3604.779869044991,3279.6199133399823,2715.731623392174,2635.2852255500165,4246.74375963797,3824.736672375506,3316.680011980785
827,20773.62775,30272.780705460107,30104.93414568136,27766.434992955874,24497.90154418634,27367.429143922287,27837.469139371555,21965.97093870925,25153.36553454454
650,9800.8882,14901.188301413695,14877.147543592571,10934.084292210398,10841.070792226848,12635.991689500455,9789.850584432195,9798.97165750169,8117.129585946081
514,21082.16,30446.452885372342,30477.232393392125,28017.361159672873,26580.373603903237,25992.96573572624,29426.108503981774,24003.18102228761,26330.894618333794
819,55135.40209,31095.51315667914,31044.938285697885,37537.46679030781,39216.75215947433,38556.959500317076,41890.75318150257,41496.02417509683,45124.19432624397
51,3579.8287,5514.160705890263,5526.570587045656,4986.408857111054,5650.066354790797,6587.686923031215,8169.0015062900775,12198.568650061432,11261.935062133967
1323,43896.3763,35491.91528058912,35416.264673295824,47262.72682045987,45880.447811385886,45359.81898672186,46350.201094505115,41818.470380007886,44846.50927266146
1146,52590.82939,36558.91540397043,36567.44240877233,39529.751135947,38626.90290918939,37390.81333399789,39300.22755507004,44921.99351541468,42968.70057353658
365,9778.3472,11413.47053215463,11237.75022186082,12095.306566016061,11027.310984999058,12243.058639736122,12668.93857039861,11140.713965339872,11979.353482183324
390,10736.87075,14207.70502444664,14039.515066915945,12880.86705345499,13814.122642803,12500.013424495182,15195.355017198457,10165.62679670698,12707.195349353458
485,4347.02335,6503.996587092969,6344.674584618291,6920.479075341916,5333.5811338635,5269.1169677021835,6619.298549040985,7035.255511888367,6764.846898288824
1140,9048.0273,12728.243222936513,12791.875108539785,10742.77840574299,9520.752117627442,10434.576292643735,11194.94528040974,10864.194831640165,9779.66633468404
1023,1711.0268,405.47205334535465,546.981945691854,2031.328702862942,4170.812232765682,3767.783515036266,3229.4224533868637,6346.606083323883,2344.0874846019997
233,12333.828,12091.11743606995,12180.876023026272,12930.766433942143,12798.617323209548,13750.60338395174,15289.408291643373,14917.915384505915,13388.73421996806
543,63770.42801,39647.00164008728,39550.82540091859,58059.119659919415,45135.61698374181,48856.41673554818,49694.72837854075,47934.90870799587,46793.00407581782
846,9872.701,12341.037288662,12350.341839198123,11661.544038366432,10679.14028538469,11064.819163167382,10894.779501272647,10947.744492092428,10736.896643772781
32,4687.797,4747.373116055589,4763.74037245221,5660.617742771024,8411.71158541262,5783.764378866424,8823.39324257358,9255.107141248372,10614.595643577868
1119,5693.4305,3922.065674380163,3982.7191296453584,6544.385639554467,7247.381298748991,5760.180255337655,7776.934919543464,8786.398695745098,7797.338085148032
793,21195.818,30851.539948467154,30929.2352477173,19345.315952910725,20840.74256826899,22013.35192238939,22606.186314458224,22942.621613742984,23414.32024021817
538,8233.0975,8962.10545689347,9013.773160766064,10352.914558416705,10627.141147446906,10216.490142495893,10436.768238340956,10195.308322267732,10415.59506020604
78,2755.02095,7055.169513946072,6861.198925708536,4151.409468977712,5970.375634416815,4110.093794387651,5662.361104238712,4003.3283657101456,3796.8642633059517
896,19798.05455,30101.048675247803,29902.439841089457,17943.94246852886,16797.168568266865,18649.72788476126,17391.92164201072,18051.95581233247,19375.14732360955
312,42124.5153,34770.66598416824,34760.13183540743,41509.50140449482,43087.61825486251,41228.17096705561,45464.881911288736,44742.830658453095,42637.64819166149
1203,9964.06,12293.572701072666,12164.47164894819,12025.092765873816,11518.524408083258,12163.558928120787,11981.602457154508,10042.001130287781,10272.979275941718
560,9193.8385,7359.830983486467,7420.9487246829085,10070.120727178692,9499.291419915404,8729.448897957718,10441.689152581801,8919.236181805612,9951.645995690376
1043,3161.454,3423.4247577438346,3490.616964872803,4855.512352708331,3863.7179119601933,5009.420681187905,4175.612840604328,3332.495200033414,3857.141320294455
728,2217.6012,6213.804484389974,6019.728192353424,3063.9030029119494,5805.777039162554,3021.6302417794013,4876.799802734397,3452.645296284736,3472.546924945753
1263,7337.748,8985.531309379008,9018.17425829776,9589.270496618661,7850.2822778491045,8842.868239765427,9017.445870334577,8529.566142050375,9050.7765275422
63,4133.64165,4266.513751753097,4318.461439989667,5863.50459230233,5805.727721551435,6062.82350103003,5156.550782819631,5428.049547509075,5653.145908040773
1143,6338.0756,9024.275743669343,9106.1293559449,8689.029407631977,7863.308733634713,7186.0414738485815,7513.978788283706,9103.447869851727,9579.419816197453
303,4349.462,6605.173161352901,6635.184972978766,6472.469462348786,5170.340215266069,6169.63169533525,5259.548072264722,4549.281396530903,5315.886683699075
1067,5757.41345,12081.709416391173,11920.798411977405,7464.152582224885,6052.948590419235,6785.048005226755,10035.86140949825,7560.004004502582,6487.393454438632
1188,21771.3423,31232.778615571213,31019.296375026974,25871.722246248642,22803.54050777795,25499.779214674556,22587.61551753851,20994.58472392561,21275.05407905072
374,1391.5287,3558.1734720768764,3662.333495548821,2670.94056145208,3402.5521445699596,2746.160260149347,3887.124656238633,4129.750622601823,3282.534945223293
946,7160.094,11049.75334517411,11102.322772596235,9251.529638348133,8189.330768579871,6715.125695877536,8069.423573410534,6618.673356666559,6136.094697023466
184,7731.4271,9739.435446675343,9826.15918537911,9945.31921525597,9038.886804610574,7514.7714923576295,7553.639092180187,9438.472541814592,8850.23401379263
1009,9957.7216,10840.647330410035,10732.00096690876,11840.168786533908,11703.38532277837,11857.301857584227,12980.228770957332,11208.997400962719,10707.812753672964
1048,3594.17085,2432.286157006032,2501.0936064094294,4613.714266757672,5222.69453481062,4563.770927364385,5293.276263384991,4404.29636650893,5021.4889648315375
1118,38282.7495,31152.629391224786,31165.27308913096,37496.78570429906,39856.20555265956,38885.38081037086,39006.009443495845,39873.41532198047,39312.63452715884
567,7256.7231,9408.538904646222,9478.91026439759,9491.061231892396,9240.363735413988,8762.798576794132,7246.426991144248,8566.535700549626,7859.276012034037
344,10977.2063,15581.814040267469,15546.072436692179,12281.278576299728,13001.041133902057,13310.31812459894,12446.201412091603,9697.843349284505,11570.318599807908
919,5245.2269,8194.872791810198,8224.477453896714,7667.278035603743,5489.271053535683,5167.905195686345,6661.801319201339,6925.066051250564,6839.151472131215
553,11187.6567,12602.288657865118,12607.527630719438,12936.115314388308,12125.64611082872,12511.127024444118,13497.179658409937,11675.692557009368,10807.909320245119
1296,1708.92575,1603.1199804884836,1526.988435229805,2664.8786476068617,2226.4892224471023,2800.853154120574,4019.21682962629,1883.3247966279469,2719.0195465374036
1332,11411.685,17000.927745041998,16945.497920060614,11774.957596067736,12429.703093250762,12233.728490060708,10190.336203129771,11558.407556416034,11245.474275058215
853,11729.6795,10699.335721610714,10544.560472350251,13071.671337648284,11429.785912473882,14550.820122319145,12194.960338971236,12089.734972838498,13830.860264344557
44,6079.6715,10580.72450626251,10436.897713853046,8505.897811102674,7647.616743984224,6264.046769316786,8890.51189434397,6221.329986270897,8423.032233645103
1303,37829.7242,30746.771935081055,30786.33354649462,27703.057353651497,26333.623057608645,26046.296426854056,27911.146361482388,22421.303189330476,25187.068364881834
296,16297.846,24758.641002600874,24810.801139342817,21402.598065518927,19412.627669442307,19759.953451063255,22666.309010196856,18139.414266570904,19841.08881237521
573,31620.00106,16577.016482288538,16367.442026799614,15271.685706592267,17844.014590098268,17452.75792550111,17560.06070803635,15325.386962945891,18326.36953156521
1133,9991.03765,7268.159621088593,7350.612757096608,10093.460233973026,10894.485330879912,11047.710067711752,9955.009281044497,10657.602582963147,11067.770035571786
471,2203.47185,2974.9916789545205,2826.512296973857,3561.9147283258935,4616.058725802148,3744.775790468251,4807.674326755128,5460.281323899421,5413.939894874358
1224,6858.4796,7148.097632357533,7061.559325040349,8850.267362382168,7809.439666102396,7374.170143322186,8242.775062825469,7768.720872701408,7939.544812553807
428,3167.45585,14.906628166123483,-83.99624769115144,2855.0417274417687,3002.428649566682,4048.479074773235,6068.612965356531,7596.196280070415,6415.089093700318
1086,10796.35025,11693.7789937371,11586.13208346266,12378.201980789796,13244.458631600679,11589.71657673246,13446.264912680706,11692.647311851068,11592.282799711074
1129,1728.897,-1104.2686330263878,-1000.223315025667,1284.761918275317,1778.9584886802404,1588.3059877116648,1517.7491390977157,-543.5985628645103,3061.7786033753073
493,12574.049,17120.514125240705,17146.50220385084,12022.568020909968,11997.07175121818,13856.124398060923,14054.427022970542,15523.264166233195,12908.615897689528
346,4889.9995,8621.716398318189,8691.311340298493,7053.2869003150745,6092.336157689021,6125.6689811731285,6351.965878689637,8895.096055715214,7461.025127673041
622,9182.17,7734.432173647036,7802.614458201919,10119.730256392062,10460.639477355202,10553.987055940177,10443.935733425886,11551.706406876876,10588.30108529402
115,30259.99556,12813.591157432033,12705.11756337715,13635.214941299791,14029.589092610942,13827.582746203076,14861.125930875738,13509.595103550715,13452.36377414836
983,16796.41194,5893.019152209677,5729.288581737628,6455.410810094644,4993.562594048699,5202.588840724716,6124.599880227885,9486.48153364217,9153.360655740977
438,12592.5345,18541.76262695971,18472.25364472292,12549.032282190186,15168.343258764924,14231.841903796496,13409.012363616233,6462.75586527993,12076.550210080724
786,12741.16745,15477.287670313526,15331.313813782775,13575.900880148572,14536.830188821414,13746.300721995973,14032.578796351054,14532.61260592039,13404.033671099249
644,18806.14547,10963.300400842278,11029.806558516208,9638.453958629858,7763.672611005028,7818.921543495767,9906.195321601677,11876.213690677168,9134.717978751883
244,29523.1656,36450.25658945323,36224.13401890344,34275.60098018611,32175.199704849347,33862.75143821913,31450.83522288711,28978.221477436207,29415.511181310983
532,12925.886,13146.66553547931,13230.236371242298,13749.787549362296,12552.517502670038,15466.10925698584,15483.495834167046,14074.876532205828,14443.647071831045
101,3645.0894,4369.369297600553,4290.145748968385,5662.584489037262,4806.9052721767675,4257.574279823384,4119.312736672564,2837.6271237094843,3965.5285759812377
270,1719.4363,2333.1471613516987,2447.5187058538195,2661.2162644656764,4533.731808620538,3978.4013499373686,3438.611290788125,4592.69148406806,3231.9146714951203
713,1984.4533,6670.13675353141,6528.645670512626,2945.684457313495,6180.348080416519,1030.010752113103,5502.29909636857,6994.740373241612,4315.802173624241
479,1824.2854,4057.366570535254,4163.461820851604,3446.9916297180953,4133.946153820221,2644.0031806309944,3885.472559574402,4634.2821971356825,3757.346765123868
435,13919.8229,15014.431559439225,15073.635729613445,14634.492795891896,15268.482195844404,17130.22396074742,17977.655192116603,16571.46909053966,17155.461343053365
1314,18765.87545,28166.560911177672,28145.079430200865,20591.776356806964,16654.624411918216,17182.838433899477,16917.42726048107,16477.644160573072,18645.684336694707
1245,5615.369,5510.3286825535515,5595.878101546073,6921.5977128223085,10274.456930748094,6803.025072443664,9810.842542316917,5275.566204158209,5902.915722996305
840,1526.312,3274.3248889345705,3375.736728025073,2817.491866598655,2736.5997234152146,3351.5832935212457,3127.3205431442675,3334.7867933925863,3947.304359900698
65,1743.214,2177.5584103563124,2235.4012518616455,2819.409284117508,2492.0511995319976,2649.0091628777536,3615.274441674257,2491.842899377034,4502.930044037039
742,43254.41795,35895.95769769995,35700.79625745505,40554.829487927665,40230.02815698919,41812.17444465779,42343.13109708173,45404.808165620336,41049.078558537
702,9504.3103,14341.641942554606,14392.582360869515,10413.627235168397,9685.722587381844,11658.971288187719,11920.526679217253,10773.271628845232,9600.656014989745
339,8232.6388,8856.959541911305,8910.107519302683,10327.346514735264,10702.212541441973,10197.40053888363,10617.62487761616,10241.56485691388,10525.205435288404
1097,1674.6323,4194.723736553158,4295.897565533773,3174.1370655779683,3665.9479198065474,2924.75416741096,4089.919081558408,4589.745998285953,3612.421594967038
740,8604.48365,8704.158713473982,8606.605016216392,10460.456426742694,9611.872402081643,9312.04219806131,10882.447638301237,9563.31673481456,10191.179920571542
208,13880.949,14021.393611928199,14043.953066919295,14189.214563185546,14460.440272507558,14871.24955113655,15081.615743247929,14169.851249344723,13370.776798417508
678,12363.547,15152.91089900706,15188.48289030478,13390.432097730692,15073.546481511126,14585.568538806652,16049.515440924126,16216.289764254032,17097.679122878228
58,23244.7902,32116.057817723893,32121.85723402313,23768.67007893968,24433.95436153659,24922.79506297174,23072.886914663613,21758.84102555408,23770.05527714981
721,11264.541,14567.689324654186,14602.537221986506,12587.64531940428,13658.727896752023,12592.44776297171,14787.085454523887,13936.874652949771,13887.603211729713
558,39983.42595,32737.070830196357,32666.182779959,37747.23394496167,39425.43260708297,35562.87508602857,36981.0027835424,35888.69516317731,42691.21812090128
747,1627.28245,67.42241569832004,205.6907111093078,1766.4970617175586,2163.9684264092302,3850.5811518071223,2598.285533727565,3141.5759965777634,1830.697571317367
23,37701.8768,31118.027414203945,30879.271653515814,33701.74948698459,37805.49860380208,35041.03846915267,36864.370119490195,40834.930476967216,39848.305314162906
494,17942.106,26750.070265088812,26775.932229377686,21089.11610716527,19917.987715109517,20737.80933532949,19600.172318749763,16565.760193189428,17295.185551074086
862,12269.68865,13921.938517169168,13917.562097744045,13696.081410074765,14433.91922306846,13618.900654006848,15566.678774637847,15199.681505550467,13540.813090912085
965,4746.344,6007.39930815144,6111.102123635031,6749.135936513754,6529.234409402875,6300.78161580722,5272.168548487179,6473.741028648134,7047.306378273224
43,6313.759,8137.801095055415,8173.125162708232,8759.756955893627,7340.086086632776,6521.714378960908,8529.960348368219,7663.259734329611,8013.360803796043
575,12222.8983,11572.269660247628,11612.054347649339,13098.899806025318,13894.471135890986,13321.286844894299,14712.229352912102,13906.418548601478,13967.672668410929
597,5594.8455,8477.803940846428,8298.597731045516,8268.6287540851,6462.9829789340565,6604.881037609888,7807.510992222587,10184.812506173312,9684.851109077414
998,6551.7501,10264.403759493194,10054.93882352025,9030.045220783079,7729.60235458677,6707.052420217074,8058.366210367359,10527.663537574736,10932.322728589379
888,1682.597,6198.944216791202,6262.170118079511,2647.1691779168104,2772.31770078955,2189.606250525603,3728.740424987962,2598.710260228314,1903.2611790178235
247,1986.9334,5357.003575940259,5447.789842835623,3597.784394263488,3692.0482113785547,3530.326467454226,4711.150426065351,5066.47228529839,4036.3651514651538
1299,2710.82855,1972.3744943918791,2029.730695419361,3537.0915796900754,4492.024658686845,6044.235457956734,5961.782630729764,5704.8112997307,5269.442624129384
1244,1135.9407,3061.8177609101494,3166.9902808483785,2158.724575239219,3137.5437009273737,2681.4272576295116,3718.566556248241,3656.8535880908457,2958.8077276995646
358,1837.2819,7036.500828363237,7100.6549956473655,2659.423196438549,1850.5326872060523,2477.610681717204,3870.801953909484,3816.0510362766945,2466.0295583229654
711,10107.2206,9050.903088031535,9112.211946066758,11436.885852853002,12329.164021967026,11354.681003052046,10840.516449660987,11723.46983830996,13602.06454068445
1031,44423.803,36004.780641330566,35962.86827412376,42390.49316850286,42376.55759536779,44629.59890293033,45362.42790842122,44738.333591422546,44036.17537840749
353,12404.8791,8231.63855556421,8107.003909561997,6771.454108039737,5651.6645561352625,4126.703195134534,7785.417917209213,7790.771774644601,6370.037222056147
239,7152.6714,11554.613834382822,11616.842388828594,9117.090481350257,6395.146455626607,7996.481849512642,9173.891898576228,9535.087434031615,8101.688655969995
778,5934.3798,9195.520191456393,9261.95289789029,8203.536390475301,6963.255087668482,6953.2457806451575,7175.4143132212985,7558.334028191393,7499.441068949538
987,28340.18885,9030.384310668775,9066.055270708228,10382.213969810806,9944.646333388624,8699.109635571722,9294.093609168736,8222.687149471603,9042.792173273338
1309,6875.961,9654.529144330772,9723.753258372779,9097.235756215998,8291.602935157902,7210.400446986104,6864.909559805335,8271.989813462198,7010.806570810195
413,5080.096,4638.345521885683,4727.207956509492,6096.097116302443,10307.263293109627,6534.397183026161,9739.384657865434,4574.761734228163,5937.10272552491
918,13041.921,12377.991555501496,12417.711945345616,13529.760701773466,14024.792997876151,15343.55532117778,15155.208167648972,14158.701191651466,14453.14394459943
377,38126.2465,29787.893843842514,29793.92105325803,40613.776898129756,40777.86841900226,40901.21197336288,40491.3752454983,37826.55999119015,39752.801926513675
175,48824.45,38965.2684953495,38895.84695236001,47806.0910227941,44694.78017921462,43800.70844368584,47953.90059967356,45228.34629408419,47002.349753541304
1337,29141.3603,35986.18217124127,35950.40982528157,35277.0131676352,32921.6813520548,33724.87349419137,33137.09944438264,33708.31295220784,31667.2665765882
81,7935.29115,12278.9517354759,12080.155667417162,10217.508591362906,8347.115042453592,9626.154922385891,10373.689208349331,9604.714725343221,10542.099105988756
192,2137.6536,2380.70670540392,2516.3817786421932,3580.012921536345,4928.648756484528,3907.7767206299086,2159.464013313078,4095.9812339877244,2189.9434505054996
1135,11085.5868,11488.780741817995,11502.661248637112,12843.562564758764,11554.309872250942,11904.697678366982,10808.818103169546,10252.524412164144,11515.563467481697
536,5972.378,10437.529377150342,10417.735197110629,7855.377895732584,6176.105516940286,5380.536008552732,3348.789816157905,2505.4738590101915,7678.014315630728
1095,4561.1885,5500.813821085735,5312.53759695687,5884.750751733802,8048.978871822554,7725.198752429669,9089.083835336753,15293.736814486847,11897.840812141241
629,42983.4585,34915.163596093116,34843.67897807989,45055.589581516615,41043.92166439001,44400.80240118138,48638.81242004951,44542.48149231613,47689.34919158674
411,19594.80965,29876.68470771459,29685.281604291988,17945.413062105792,17576.134788232474,20456.34045380726,18780.369186039323,18591.49131462488,18249.38368190077
773,17748.5062,25502.173679629035,25488.51603815393,24232.154771045778,25568.998644846346,24606.790331038603,23628.18665638412,22098.236903479225,24363.9981282443
915,2473.3341,4861.738723510896,4906.463222836021,4284.6997788927365,3121.518171896165,3126.156489270401,4635.608734933494,4721.288415042009,4067.5285465377347
163,5152.134,6756.792879710082,6786.888869264842,7339.726004396571,6592.602054613211,6312.670890982457,4598.371702670125,5160.140305890193,5781.433375015924
905,4564.19145,5784.421055632703,5618.172287234394,6720.197457152686,6535.878320302457,6402.409321179302,7186.79409038148,10132.871534345302,10111.684549212368
549,45863.205,36531.510207069005,36446.330368033756,53778.904962161265,42291.45777029482,45846.85604857384,46076.218484301666,45144.1514113638,44780.61297140843
980,25517.11363,10858.718211828811,10758.780447939711,12381.169125670292,12251.554026282922,12307.149193005533,13574.674113003071,11069.384143355539,12108.37533023089
781,1146.7966,5550.271082154702,5620.41046214837,1500.8732956763033,2435.9850862823423,2327.0402934127305,3484.6841890020733,3323.668554601698,2475.036563234211
196,5649.715,8383.749062721898,8413.972797978755,8043.743001728258,5496.031952188992,6676.098851364523,8049.265333698813,6579.064835046059,6914.492853535674
627,11326.71487,10226.60295606134,10274.663260821219,5699.081983546814,3318.546719015838,4845.205076136668,5645.202385211208,6830.635741385455,3664.4190919620887
913,7626.993,8469.011601455724,8511.913927732492,9693.258642588022,8263.157801379097,9813.637296482084,10272.264788955597,10467.483292085635,10077.087775893488
615,42969.8527,35008.07047514722,34955.229317562626,42911.98782454001,46031.17361842189,43715.50244898982,46202.995602881,44433.918337681986,44608.55822788671
894,13555.0049,14429.910175151208,14304.656928816323,14269.762856330884,15174.928253561138,14418.081434668718,15644.907728985927,13975.334955302567,13684.873940050344
611,6571.544,9838.979937182448,9843.61005069011,8881.975328520502,6756.353487910956,6133.283576754238,5908.536499382147,5694.091194408488,8063.228632173061
1238,6985.50695,6828.046349257989,6731.944331052449,8776.681047515805,9420.491908053225,8291.590399631732,8651.126683699831,7271.395379536851,8726.05983536258
361,4751.07,7090.7208564525245,7179.1723690153085,6958.758659173285,6285.573678536662,6955.457552865702,6113.095336048595,5065.308303682087,6756.558714543545
768,14319.031,16786.700947387617,16773.31730324134,13982.78994409499,14404.774712587536,13617.222468985543,14837.177913713602,13427.766406216324,13243.293083050909
1221,6593.5083,6924.194831317705,7038.601637279636,8472.26672493176,9724.608624201857,7190.099356167521,7860.861575782109,8042.467667799874,7584.003329088754
618,34439.8559,26404.45371210909,26390.14134691436,30186.297995241704,32162.724769188193,33151.22929480311,33241.25131928002,37155.44890920643,32723.04312483256
860,46113.511,36733.182460102,36615.38665028763,54972.92042706239,44836.14881935992,47435.83718096293,43388.70564724789,41034.66517049362,44767.33514660288
286,9432.9253,16711.026042727874,16450.70285844233,9787.718140366967,11458.166574993686,11943.4374003468,11294.544254063214,11609.141569054058,8029.85325931625
652,8280.6227,9906.742660999542,9952.146239892052,10440.948400231047,10791.047444975211,10097.790738891508,9776.967114077033,10975.626251993961,9465.614316652725
316,8835.26495,11090.556579884471,11166.25585197322,10679.065321279231,11314.413680902513,9586.476153096282,10057.800890032346,10401.834267718223,10603.32460000485
561,10923.9332,12726.665000953357,12548.454920229025,12824.713033147438,13160.588767292435,11159.96517112103,13215.715142004923,12437.725581039931,11641.626154902999
863,5458.04645,4173.110995464152,4061.542194689131,6862.321216078526,6094.369843684942,5822.156926275978,5331.257527479418,6932.1803564499805,6561.589903452858
765,11842.62375,12807.286453882369,12826.696561547702,13073.634596010366,12386.27614214058,11627.467236222948,13419.586522490446,11551.802891659918,11935.035333419313
719,12231.6136,13570.042044908747,13581.701535453556,13322.264482708471,12258.176305665353,12567.476480821811,13236.861288409533,11927.55813575188,11954.428217479068
86,43578.9394,35659.39487712819,35616.27245848208,37382.92301597622,35224.443836097926,37154.6271330155,36851.731521418566,41251.5422083413,38499.44141398919
123,39556.4945,33317.628299568525,33130.816876803554,34819.972353159494,36143.90612931084,36253.21910177995,37245.20918328612,39356.18991371094,36005.462917282086
775,10560.4917,12850.928135843724,12913.7016911037,12326.266753987486,11274.955018703215,10943.91711564231,14823.37977215411,14663.03273052749,12505.222806903968
261,17085.2676,25187.939563258857,25192.681889026364,21608.191534136065,19378.95779731759,22272.31030742956,19915.521822350944,17911.06581310959,15298.570240698136
579,3206.49135,2593.387169155063,2471.193803784572,4713.495978463134,4047.3341967459965,4527.124325581075,3108.585853748962,4249.403201777925,5780.685372813178
586,3861.20965,2070.1994174819065,1993.276994010872,4213.535698864527,6220.549804765241,5309.920990512528,7852.026247309728,7809.404355084427,5708.335340947102
1324,4239.89265,4910.485319366955,5015.364247080784,6027.7164663792755,5707.1603652872855,5772.07222229247,5496.507038859641,5301.220537133521,4952.017726659656
600,1633.0444,5019.957591397949,5044.528628327639,2371.587747762491,2284.870041969949,2721.714267340605,3514.180044689625,1035.7804256688887,2060.3713428880837
1032,4137.5227,5256.932539179046,5112.179383365959,6508.905534439177,5166.292637945947,5210.164999774405,5792.217022852577,5101.452971894357,6455.727108429362
753,11833.7823,9724.82470395169,9802.666062988648,12219.114297259668,13453.31103487513,14584.303889494706,13537.693194158415,17501.695503925286,18305.37443342259
712,8310.83915,10035.725893504656,10050.208633266739,10610.22732207421,9229.997595950215,10527.035068629953,8714.663295759794,9172.727514829268,9455.608327476268
128,32734.1863,26253.140971677643,26265.631891367706,10752.04749477633,13084.535831815516,12623.03519768054,13805.17523893118,14764.301693965952,15107.8484343652
363,2597.779,2410.43453976447,2469.9148204661215,3699.7597966617195,3617.0333872967894,4160.235330303114,3617.308191491549,1919.273994368843,5417.896398685448
1280,8283.6807,10607.715427547304,10643.250516314585,10446.07647367451,10368.887770505777,9799.960564764946,9650.667733230592,10679.515214863448,8387.520809902162
591,8428.0693,6853.28934548419,6978.619637670963,9067.282656095962,9057.736925520687,9269.600315767731,8279.473700709106,9291.675833853518,8642.590424483911
645,10141.1362,12130.891437890074,11992.99884468305,12379.072071824636,10739.105841417804,13098.33866767684,12965.549021618079,11143.23408652498,10969.145501349873
851,14119.62,14916.94303031199,14969.518917166815,14640.423320488193,15996.190448994406,17300.856412544403,14353.094640809026,16810.322413808113,13662.304754561334
174,2855.43755,5101.725676518898,5131.023746336856,4616.281324688289,3478.520716550973,3593.9404051490255,4015.666752632942,1689.1976760603793,3438.947907575717
289,25992.82104,10891.041776801641,10984.394827722947,12282.761241108716,11392.97028036448,11422.507398076708,12514.081249153769,13254.03456147717,12656.067702672597
350,11830.6072,10052.78210533446,10110.970893514614,12346.638822433093,13185.050197429935,13229.415202014143,13315.709660698574,14269.38754671188,13461.68810550547
667,40003.33225,33021.10982810905,32962.22074521594,36540.22944219751,38890.79512196868,36601.78077692674,37978.25183630044,41279.48042009605,43431.36748981461
1055,10594.50155,10878.52048713866,10972.143206684897,11767.188993554093,13028.230424876305,12397.003396916061,12194.569668625309,10764.313620136385,12579.498593606244
817,3597.596,7281.665649550483,7329.458155212243,4865.618907999823,4335.614127326597,4204.238764274751,4568.643104394925,3707.8298111905024,2849.235588386582
1092,3591.48,5879.7201164549615,5947.249602367179,5058.547673166123,5915.078278384466,5303.702136422634,5962.897906721142,3909.949940183067,2187.988396448198
899,2117.33885,410.1386432783238,490.5478397420957,2505.073506040406,2814.753567426189,3749.1579792199245,3428.365145558002,3210.9235372431176,3078.185297553844
29,38711.0,31543.102299288443,31533.48211687465,38220.33822699629,40134.394055532175,41558.347056156555,41949.5948049022,43531.741138718964,42702.18497770556
554,17878.90068,8284.011537583709,8081.70397510568,4704.159159800343,6178.758784387804,4458.733144087231,6073.616904718907,4212.501077085071,4128.5417814493485
1176,23887.6627,32711.659366334,32694.038242819515,25844.72735739147,24176.746579109888,24014.22008178429,24515.978950029472,23120.597581798535,23485.777384231973
221,10564.8845,12660.102816702823,12479.842148133734,12562.687821028621,12894.148723961625,10982.872582052498,12863.73932525233,12121.875064224012,11575.048297035955
1075,4562.8421,5978.2964153098055,6030.143651358729,6861.816723017059,5733.6829916665865,4491.1642713684705,6431.565873748429,5575.780287782066,6777.237036535883
31,2198.18985,1764.2205367356619,1632.7867286076635,3289.183108517351,3689.989991522956,3929.878313376139,3965.813185422725,4570.721867840544,5874.637720761928
808,1131.5066,2045.4072494158954,2164.8890800357076,2123.9787618873615,3806.433366570156,2610.1559706050193,2936.0249061998747,2753.581339421058,2574.703133453162
422,39125.33225,32778.95605556714,32587.77753553999,35881.86671340511,38645.08617577134,37663.02344008119,38962.46514881956,39827.63452627472,37844.54288529992
306,20177.67113,5031.2462923494195,5073.684332694941,6167.5235549637955,6014.964723034844,5222.591921921747,4670.132431861919,4598.276858127865,5729.422188888809
231,14001.2867,13184.481063277468,13213.425873808696,14809.467983352864,14583.08599900239,16472.316735353965,15834.914612048497,16378.40639832028,16477.760723956253
462,15230.32405,17503.59748373719,17279.918959084625,15734.472370727732,19788.440698455648,19270.833090528526,18901.597870688776,16130.42725273105,19785.85335049499
259,33750.2918,26370.228594267894,26397.38447788734,28166.28250453848,28390.714077227567,29557.098776293187,29868.206568563917,30015.216762020304,28495.161808894947
70,16577.7795,25726.180043894514,25745.317955310507,19542.457267704867,18062.0863808914,19804.342232466646,16529.128493511394,18247.16171684214,14721.683314959006
979,4889.0368,6543.073372397905,6599.979599656998,7329.1510217214045,6145.390244106192,6143.120694222582,5711.169690508025,6987.509224892297,6513.64593361019
382,20781.48892,12139.252502512454,12227.174111343209,11639.287566822733,12802.821249456028,10801.903955347698,11621.871889252912,13034.475385617348,11707.506546741513
949,19933.458,28484.197246372496,28498.655766071726,27699.71247600435,27973.974528778628,26602.878638141327,27708.76761428327,24957.17976104466,27635.618136386067
220,5012.471,7962.701751347593,7982.855360511957,7321.416622383086,5159.289510358709,5708.523716284376,4334.381165874383,4379.192808386419,4902.454999243867
309,7749.1564,10296.102146224715,10300.943898795165,10118.23209521076,8090.612565531263,10307.023716322954,9104.291610654156,10288.408012846508,9937.352731594447
598,7441.501,10278.334449415275,10344.751796059138,9609.208040594986,8501.416916195016,7792.549488162827,7280.94830623041,9026.773615418606,7324.019896709426
875,2690.1138,3188.7375003846028,3241.9794824831188,4212.668344649086,3878.3675252507273,2635.735090794753,3910.3962065535943,4128.539595117096,3755.8749848644948
1111,41949.2441,34300.846749453965,34281.98850272111,43557.86522141158,43948.16400906172,41935.191971058695,46393.20279953279,43550.37961809222,42927.26947038781
1171,22478.6,31563.008311398447,31535.9256683749,27749.10067144117,26257.887160839833,25007.685512992557,26809.064356151794,22517.77929105317,22716.580127283938
1293,9301.89355,9638.775356461516,9719.784324047805,10991.88089247873,10779.248327495208,10609.599704753473,10106.899243383457,9350.831164297771,11297.323161372433
585,4779.6023,5805.890610964512,5863.152692855431,7039.509646239925,6243.744433076306,4838.480966974002,6629.252467534393,6727.067492384841,6930.7258035026625
1319,7201.70085,7650.62765761951,7686.737800244729,9293.694389381148,8334.519227655055,8570.095645185062,7533.125926389978,6389.768471473188,8564.510091787037
48,12629.8967,10781.958628356628,10850.892698827118,12996.605258394591,14658.934161937841,15672.552226106005,15039.5576428688,19328.87893869834,19858.108994565664
354,14133.03775,4739.568484778845,4768.086917758628,2468.3133033458125,2233.7411380990416,2799.7809088675476,3642.4165277750944,1708.6635579827962,2335.6280715498197
113,2404.7338,5113.924073655594,5134.08740451506,3758.915193423183,3048.9507515824953,3331.2830088671435,3598.0765040998485,2101.973443382807,2819.282750792303
155,6948.7008,11932.223895155596,11978.14792697681,8699.902651252916,9198.366750316212,9639.823750061845,10966.60126333059,13449.74121050685,9017.896164363729
744,8827.2099,9244.13058800071,9345.824360214776,10372.646647176342,11255.262959489995,10832.307459191126,9946.042613596414,8853.764029257654,10361.881545754206
1150,2203.73595,3035.530236065464,2886.198575392167,3568.995534638607,4635.163523701782,3726.833280598312,4791.016574090356,5264.364716632346,5411.432646856467
548,3213.62205,4227.928211150525,4082.7233210789327,5275.547287817041,4188.439708644661,4441.281603767651,4996.312330302909,4978.561802670398,6351.161802708961
265,46151.1245,37548.02057390685,37507.34905908344,50835.54540994509,47511.5906833787,47524.186539554954,49529.578258625734,46257.82742139864,44749.01393231166
674,46200.9851,37109.827418232264,37017.37473027232,52315.63176878303,47161.66096017337,48912.29804844344,45910.82999595094,42597.19588403869,43732.66968329575
398,14988.432,13259.70152310486,13346.887398160285,14592.219783436212,13563.450310609069,16007.73824757065,18104.619798037336,16772.93872796363,15351.684678632018
1327,9377.9047,10733.308225567042,10828.013031337903,11143.198112240985,11618.750796919127,9423.891977126572,10653.540078977669,11039.681903427681,9908.151499845682
420,46889.2612,37717.23568251595,37731.13815946269,42215.31672104681,40444.15400575863,45962.62164703863,43244.91031028546,50957.21614841714,44100.45799500662
254,41097.16175,34424.96144561854,34241.54609438466,36483.97186744181,35680.16463410303,37995.42402036488,37420.43260334816,42577.93167682584,36783.160566156934
198,9644.2525,6929.173929838813,7013.411732118923,9767.494924488188,10644.72315591319,10580.806079445343,9811.800401401986,10561.404633318807,10627.26535308959
623,34617.84065,27028.11708094938,26853.231164942343,30773.84517206799,35383.3610139581,32341.035953421033,33981.139730239374,34597.28878669693,33840.2787154875
451,4032.2407,4087.1911712296314,4200.672994756622,5542.709749521774,5644.06577590277,5132.35381928752,5494.364616450179,5464.851351750674,4424.930588343166
1322,12981.3457,15734.07532294757,15792.301695314474,13074.068968918067,14254.135183453956,13909.257487663683,14162.901308840219,13484.407065290088,13331.805325843317
322,35491.64,29469.04318921409,29499.704002736988,29933.685985838136,31143.347890030145,29847.8355538062,32653.519923605825,32619.51761185618,30932.557080535516
107,3877.30425,5776.678906562174,5853.365571771726,5657.487061855896,6824.3577204038165,7106.26079489343,6212.537732008287,7799.153173824714,8904.858335378718
1149,5979.731,9441.931810568525,9519.255404774096,8183.554791989072,7537.179824833056,7846.978754184914,8741.668899310502,7846.69580540931,7061.534273162162
950,11534.87265,8799.975506691018,8739.043706737764,11287.630272791452,11385.081313374034,11655.225622260086,11472.801608241482,9350.76259065341,12538.336513045726
1056,8277.523,9374.71622227387,9417.877865018081,10246.54108420402,8878.779659323576,10834.40474662818,10957.669001860193,9984.2885883559,9818.646466880116
1074,13204.28565,9645.071072577342,9528.17054374798,12660.066357353095,12053.466283588265,12626.314764452733,13442.778183722554,13534.632218790137,14459.602581219924
1335,1629.8335,4283.936186522802,4318.869138083983,2596.9265872129126,2196.8659833729635,2926.639201348822,3850.80081278899,2806.143371338574,2826.687429443804
1271,3021.80915,5713.134874767919,5736.813024196935,4841.824094976487,3686.5000182103395,4042.7997292562504,4285.3954917927185,2118.3903427597816,3538.9572823809067
218,3392.9768,4594.375196791785,4647.779648720778,5340.06389273577,4899.133875847863,4281.543897214482,5465.611123321064,4995.279857885227,5935.231829643842
880,3443.064,6300.652628939911,6359.268440693009,4752.1281356539275,5267.704021200234,4640.479623163437,5346.181202789667,3809.95984548048,2046.0917068628933
1235,2699.56835,4771.056703218077,4864.019605058036,4518.084826038794,4060.8147487306323,3568.8042808437494,3679.2893445453265,3730.3675810469213,2698.459214747125
291,20277.80751,5986.120078685455,5880.088389386974,6326.5497607688,5783.968506342854,5047.333916233171,5957.036779967643,3916.7893036271525,6343.184027309803
351,8932.084,8819.612783618957,8876.564665084727,10466.834381031169,9495.449906150103,11705.099040136647,11373.400617440488,10263.752463761557,11258.48613309981
464,1632.03625,1157.1164436952931,1280.0437226388822,2292.917291447242,2218.23190344618,3984.7411560916153,3037.2881548592013,3436.3919935832782,1926.1657883331682
716,9566.9909,8418.82396956224,8475.055322023909,10776.411739267332,10528.195840829925,10437.464235924628,11087.645420025276,10019.266217540002,10961.041147938948
869,4391.652,3800.1963544846512,3849.9430493229556,5613.40023458801,7167.816461703886,5615.829115094356,7340.272303171698,6419.915158026161,7622.807141612758
243,7196.867,10927.166021837684,10974.426526729398,9338.851142494022,8330.971245574558,5973.9328971423065,8858.241819850115,7368.428803981104,6537.162201125845
427,7323.734819,2672.2988933998076,2528.0809048823085,3517.1453043655893,4442.552121681314,3831.6633027710923,4890.963090078988,4510.154769950537,5349.234798228332
986,8410.04685,10286.628603263112,10349.55390561826,10558.738678451744,9730.583243430861,8679.448215314944,8741.589876492519,7664.710154953465,9367.22535174058
168,2719.27975,3909.608321942056,3939.691604805268,3913.523660044648,4095.1372932775666,5011.894511288965,5379.044123999926,8063.605156284713,8638.499732251934
616,11658.11505,11921.44173423481,11760.543148935812,13214.895074116415,13682.491389059018,12836.542969721837,14933.59829912044,13453.40687364788,13445.811392759046
715,12146.971,12252.288490138004,12343.825138261196,12715.724896238848,13545.263484974903,13776.447369417096,14352.765556996445,13461.780030035756,14279.15961550907
56,13607.36875,14513.113676742612,14319.585341879521,14991.470371802769,16247.17248623627,17157.177499713078,17390.766399165514,14595.377887315957,15855.92517876148
1230,60021.39897,36976.609490199204,36949.86064678984,42038.6389631528,45584.23522739216,42366.260459224904,44747.9852774505,48403.80043007466,46224.84495655536
1033,13747.87235,23214.18798295997,23092.99562458884,12314.506086054575,14317.293413049418,11746.774773608711,11631.411296978727,13856.988049678464,14263.892800492762
371,12029.2867,10141.577926601585,10008.724429272661,12705.665969507822,12073.992992318801,12520.441225826095,13509.49253689331,12533.238726792155,14355.746123295126
708,6113.23105,7921.622056442704,7739.164117061362,8620.834298077843,8063.064288464648,8139.155311877816,9059.382786991884,14074.076265274172,11104.246914761137
54,8059.6791,9188.617857317182,9205.00401038982,10321.519298186386,9258.094364472387,9847.17947090285,8349.890723378394,8514.237455012943,10001.443389631364
925,25333.33284,12517.936668605882,12381.62988574566,12340.452543211062,11278.674823155941,14094.158424951755,13163.735235270147,11071.94981465583,10507.315625121275
1186,37465.34375,29398.149454197206,29382.4868820926,35453.24227778465,35376.266601449635,31036.501567743515,35799.440933802645,37040.71808261036,37623.12295288089
109,47055.5321,37854.59284853386,37863.573904144854,43680.0596521032,42154.40773883313,47317.10273308836,44584.865334732734,50972.83104919614,45837.85470630753
639,12949.1554,14730.04370897023,14780.241491884191,14172.34881930733,15045.584750968694,14666.67374228002,18744.984052052325,19448.062819274288,17862.157697169176
534,13831.1152,16756.16060902512,16805.973117331818,13378.242250101843,14963.258988434996,14647.529423483256,15764.3933888822,14416.945552762925,14172.87144928612
542,13887.204,15276.696496137241,15291.315399738334,14161.835646416332,15088.53383575814,14521.5951373605,15344.284311515252,14819.349164603493,13628.379391799543
760,3925.7582,6456.519953850181,6268.858514337021,5731.666212265324,4933.512042902402,3939.530856717827,6900.016728262705,9930.085239935372,8109.585041607374
1284,47403.88,38455.35758656185,38439.114214815316,45331.58521811056,45658.528898498036,44690.284569982265,46645.656354594175,47945.97355669258,52022.71847750164
1285,8534.6718,8325.723498988318,8188.557418371849,10473.15524436925,9657.58645178684,10468.953293578243,10323.631343434747,8588.889290526875,10693.01538395989
